Metric,Value
Adjusted Rand Index,0.7163421126838476
Silhouette Score,0.5047687565398589
Inertia,6.982216473785234
Number of Clusters,3.0
