,ARI,Silhouette,Inertia
2,0.5681159420289855,0.6300471284354711,12.127790750538196
3,0.7163421126838476,0.5047687565398589,6.982216473785234
4,0.6230929299814632,0.44506548804598556,5.51693347204037
