Cluster,sepal length (cm),sepal width (cm),petal length (cm),petal width (cm)
0,0.1961111111111111,0.595,0.0783050847457627,0.06083333333333335
1,0.4412568306010929,0.3073770491803278,0.5757154765212559,0.5491803278688525
2,0.7072649572649572,0.4508547008547008,0.7970447631464579,0.8247863247863247
