,Accuracy,Precision,Recall,F1-Score
Decision Tree,0.9666666666666667,0.9696969696969696,0.9666666666666667,0.9665831244778613
KNN (k=5),0.9666666666666667,0.9696969696969696,0.9666666666666667,0.9665831244778613
KNN (k=7),1.0,1.0,1.0,1.0
